#,Organization,Tier,Template,Template use,Email,Action,Official route,Named contact,Phone,Subject
1,Well& by Durst at One World Trade Center,1,C,Venue / hotel / hospitality,EventsOWTC@wellxdurst.com,Send Version C,Direct events email,,,"Preferred Entertainment Vendor Inquiry - Joshua Quddus Quartet"
2,Star Talent Inc.,1,A,Agency roster,info@startalentinc.com,Send Version A,Explicit musician submission by email,,646-216-2194,"Artist Submission: Joshua Quddus Quartet - NYC Jazz for Corporate & Private Events"
3,74Wythe,1,C,Venue / hotel / hospitality,events@74wythe.com,Send Version C,Direct events email and phone,,718-838-9569,"Preferred Entertainment Vendor Inquiry - Joshua Quddus Quartet"
4,NeueHouse Madison Square,1,C,Venue / hotel / hospitality,privateeventsny@neuehouse.com,Send Version C,Direct private-events email and phone,,212-273-0440,"Preferred Entertainment Vendor Inquiry - Joshua Quddus Quartet"
5,EastCoast Entertainment (ECE) - New York,1,A,Agency roster,ksweeney@bookece.com OR lnikolich@bookece.com,Pick 1 email then send Version A,Named NYC consultants,Kaitlin Sweeney; Laura Nikolich,484-674-7280; 631-356-4862,"Artist Submission: Joshua Quddus Quartet - NYC Jazz for Corporate & Private Events"
6,GigSalad,1,A,Agency roster,No public email,Use official route then Version A,Performer signup,,,
7,The Bash,1,A,Agency roster,No public email,Use official route then Version A,Vendor signup through marketplace,,,
8,Élan Artists,1,A,Agency roster,info@elanartists.com,Send Version A,Jazz & Performance Acts contact option,,888-800-3526,"Artist Submission: Joshua Quddus Quartet - NYC Jazz for Corporate & Private Events"
9,Scarlett Entertainment - New York,1,A,Agency roster,newyork@scarlettentertainment.com,Send Version A,Artist sign-up plus NYC email,,646-243-6366,"Artist Submission: Joshua Quddus Quartet - NYC Jazz for Corporate & Private Events"
10,Great Performances,1,C,Venue / hotel / hospitality,celebratefood@greatperformances.com,Send Version C,Direct event inquiry email and phone,,212-727-2424,"Preferred Entertainment Vendor Inquiry - Joshua Quddus Quartet"
11,ASPIRE at One World Observatory,1,C,Venue / hotel / hospitality,events@aspirenewyork.com,Send Version C,Direct events email and preferred-vendor page,,,"Preferred Entertainment Vendor Inquiry - Joshua Quddus Quartet"
12,Pier Sixty Collection,1,C,Venue / hotel / hospitality,events@piersixty.com,Send Version C,Direct events email and phone,,212-336-6060,"Preferred Entertainment Vendor Inquiry - Joshua Quddus Quartet"
13,The Glasshouse,1,C,Venue / hotel / hospitality,info@theglasshouses.com,Confirm buyer then send Version C,Direct email and phone,,212-242-7800,"Preferred Entertainment Vendor Inquiry - Joshua Quddus Quartet"
14,Tribeca Rooftop + 360°,1,C,Venue / hotel / hospitality,inquiries@tribecarooftopnyc.com,Send Version C,Direct inquiries email and phone,,212-625-2600,"Preferred Entertainment Vendor Inquiry - Joshua Quddus Quartet"
15,Hank Lane Music,1,A,Agency roster,info@hanklane.com,Confirm buyer then send Version A,General booking contact; request talent/artist review,,212-767-0600,"Artist Submission: Joshua Quddus Quartet - NYC Jazz for Corporate & Private Events"
16,The Bordone LIC,1,C,Venue / hotel / hospitality,mary@thebordonelic.com,Send Version C,Named direct email and phone,Mary Smithmeyer,917-295-4609,"Preferred Entertainment Vendor Inquiry - Joshua Quddus Quartet"
17,FIRST,1,B,Planner / experiential,No public email,Use official route then Version B,Dedicated supplier/vendor form,,+1 212-810-4100,"NYC Live Jazz Partner for Receptions, Galas & Brand Experiences"
18,Rainbow Room,1,C,Venue / hotel / hospitality,events@rainbowroom.com,Send Version C,Direct private-events email and phone,,212-632-5000,"Preferred Entertainment Vendor Inquiry - Joshua Quddus Quartet"
19,SUMMIT One Vanderbilt - Private Events,1,C,Venue / hotel / hospitality,summitevents@danielboulud.com,Send Version C,Direct private-events email,,,"Preferred Entertainment Vendor Inquiry - Joshua Quddus Quartet"
20,Central Park Boathouse Events,1,C,Venue / hotel / hospitality,events@centralparkboathouse.com,Send Version C,Direct private-events email,,,"Preferred Entertainment Vendor Inquiry - Joshua Quddus Quartet"
21,Sony Hall - Private Events,1,C,Venue / hotel / hospitality,jason@sonyhall.com OR olivia@sonyhall.com,Pick 1 email then send Version C,Named private-event contacts,Jason Kaciupski; Olivia DiCostanzo,646-819-0720; 646-819-0732,"Preferred Entertainment Vendor Inquiry - Joshua Quddus Quartet"
22,Tinsel Experiential Design,1,B,Planner / experiential,No public email,Use official route then Version B,Dedicated talent form,,,"NYC Live Jazz Partner for Receptions, Galas & Brand Experiences"
23,Union Square Events,1,C,Venue / hotel / hospitality,No public email,Use official route then Version C,Main phone; confirm vendor route before inquiry,,212-488-1500,"Preferred Entertainment Vendor Inquiry - Joshua Quddus Quartet"
24,583 Park Avenue,1,C,Venue / hotel / hospitality,No public email,Use official route then Version C,Official contact and vendor information,,212-583-7200,"Preferred Entertainment Vendor Inquiry - Joshua Quddus Quartet"
25,Convene - New York City Portfolio,1,C,Venue / hotel / hospitality,No public email,Use official route then Version C,Portfolio contact and main phone,,1-888-730-7307,"Preferred Entertainment Vendor Inquiry - Joshua Quddus Quartet"
26,Conrad New York Downtown,1,C,Venue / hotel / hospitality,No public email,Use official route then Version C,Hotel events page plus USE relationship,,,"Preferred Entertainment Vendor Inquiry - Joshua Quddus Quartet"
27,Rafanelli Events,2,B,Planner / experiential,info@rafanellievents.com,Confirm buyer then send Version B,Dedicated partner/vendor page,,888-593-1220,"NYC Live Jazz Partner for Receptions, Galas & Brand Experiences"
28,On The Move Entertainment,2,A,Agency roster,info@onthemove.com,Send Version A,Direct general email and phone,,212-229-1009,"Artist Submission: Joshua Quddus Quartet - NYC Jazz for Corporate & Private Events"
29,Neuman's Kitchen,2,C,Venue / hotel / hospitality,eventinfo@neumanskitchen.com,Send Version C,Direct event email and NYC contact page,,212-228-2444,"Preferred Entertainment Vendor Inquiry - Joshua Quddus Quartet"
30,620 Loft & Garden,2,C,Venue / hotel / hospitality,events@rockefellercenter.com,Confirm buyer then send Version C,Direct Rockefeller Center events email,,,"Preferred Entertainment Vendor Inquiry - Joshua Quddus Quartet"
31,Cipriani Events - New York Portfolio,2,C,Venue / hotel / hospitality,No public email,Use official route then Version C,Central events form and phone,,646-723-0826,"Preferred Entertainment Vendor Inquiry - Joshua Quddus Quartet"
32,Hall des Lumières,2,C,Venue / hotel / hospitality,info@hdlnyc.com,Confirm buyer then send Version C,Direct email and corporate-events page,,332-242-8810,"Preferred Entertainment Vendor Inquiry - Joshua Quddus Quartet"
33,Metropolitan Pavilion,2,C,Venue / hotel / hospitality,info@metropolitanevents.com,Confirm buyer then send Version C,Direct general email and phone,,212-463-0071,"Preferred Entertainment Vendor Inquiry - Joshua Quddus Quartet"
34,New York Public Library - Stephen A. Schwarzman Building,2,C,Venue / hotel / hospitality (via Great Performances),celebratefood@greatperformances.com,Confirm buyer then send Version C,Venue partner email and phone,,212-727-2424,"Preferred Entertainment Vendor Inquiry - Joshua Quddus Quartet"
35,Whitney Museum of American Art,2,D,Cultural institution,whitneyevents@whitney.org OR corporate_partnerships@whitney.org,Pick 1 email then send Version D,Direct events and corporate-partnership emails,,,"Joshua Quddus Quartet - Contemporary Jazz in Conversation with Carnatic Music"
36,Mandarin Oriental New York,2,C,Venue / hotel / hospitality,monyc-catering@mohg.com,Send Version C,Direct catering email and phone,,212-805-8815,"Preferred Entertainment Vendor Inquiry - Joshua Quddus Quartet"
37,"The Beekman, a Thompson Hotel",2,C,Venue / hotel / hospitality,BeekmanSales@ThompsonHotels.com,Send Version C,Direct sales email and phone,,212-233-2300,"Preferred Entertainment Vendor Inquiry - Joshua Quddus Quartet"
38,The Plaza New York,2,C,Venue / hotel / hospitality,RFP-PLZ@fairmont.com,Confirm buyer then send Version C,Catering RFP email; call for vendor process,,212-759-3000,"Preferred Entertainment Vendor Inquiry - Joshua Quddus Quartet"
39,City Winery New York City,2,C,Venue / hotel / hospitality,No public email,Use official route then Version C,Private-events page; separate talent route,,,
40,The Altman Building,2,C,Venue / hotel / hospitality,sales@altmanbldg.com,Send Version C,Direct sales email and phone,,212-741-3400,"Preferred Entertainment Vendor Inquiry - Joshua Quddus Quartet"
41,The Foundry,2,C,Venue / hotel / hospitality,ao@thefoundry.info,Confirm buyer then send Version C,Direct venue email and phone,,718-786-7776,"Preferred Entertainment Vendor Inquiry - Joshua Quddus Quartet"
42,Colin Cowie Lifestyle,2,B,Planner / experiential,No public email,Use official route then Version B,Dedicated vendor/creative-partner form,,212-396-9007,"NYC Live Jazz Partner for Receptions, Galas & Brand Experiences"
43,Jack Morton Worldwide - New York,2,B,Planner / experiential,experience@jackmorton.com,Confirm buyer then send Version B,Vendor inquiry form and general email,,+1 212-343-0800,"NYC Live Jazz Partner for Receptions, Galas & Brand Experiences"
44,Jarrell Entertainment,2,A,Agency roster,info@jarrellentertainment.com,Send Version A,Direct email and phone,,917-512-7674,"Artist Submission: Joshua Quddus Quartet - NYC Jazz for Corporate & Private Events"
45,The William Vale,2,C,Venue / hotel / hospitality,No public email,Use official route then Version C,Event inquiry and main phone,,718-631-8400,"Preferred Entertainment Vendor Inquiry - Joshua Quddus Quartet"
46,Virgin Hotels New York City,2,C,Venue / hotel / hospitality,No public email,Use official route then Version C,Official meeting/event inquiry,,,"Preferred Entertainment Vendor Inquiry - Joshua Quddus Quartet"
47,Wythe Hotel,2,C,Venue / hotel / hospitality,info@wythehotel.com,Confirm buyer then send Version C,Events contact page and general email,,718-460-8000,"Preferred Entertainment Vendor Inquiry - Joshua Quddus Quartet"
48,NYC DCAS - Halls of the City,2,C,Venue / hotel / hospitality,specialevents@dcas.nyc.gov,Confirm buyer then send Version C,Direct government special-events email and phone,,212-386-0041,"Preferred Entertainment Vendor Inquiry - Joshua Quddus Quartet"
49,Lincoln Center for the Performing Arts,2,D,Cultural institution,yourevent@lincolncenter.org,Confirm buyer then send Version D,Direct event email and inquiry,,212-875-5037,"Joshua Quddus Quartet - Contemporary Jazz in Conversation with Carnatic Music"
50,The Metropolitan Museum of Art,2,D,Cultural institution,specialevents@metmuseum.org OR MetCatering@restaurantassociates.com,Pick 1 email then send Version D,Direct special-events and catering emails,,212-570-3773,"Joshua Quddus Quartet - Contemporary Jazz in Conversation with Carnatic Music"
51,Total Entertainment,2,A,Agency roster,No public email,Use official route then Version A,Public talent invitation on contact page,,201-894-0055,"Artist Submission: Joshua Quddus Quartet - NYC Jazz for Corporate & Private Events"
52,Lotte New York Palace,2,C,Venue / hotel / hospitality,No public email,Use official route then Version C,Meetings proposal site and main phone,,212-888-7000,"Preferred Entertainment Vendor Inquiry - Joshua Quddus Quartet"
53,Abigail Kirsch,2,C,Venue / hotel / hospitality,No public email,Use official route then Version C,Official contact form,,,"Preferred Entertainment Vendor Inquiry - Joshua Quddus Quartet"
54,Bryant Park Events,2,C,Venue / hotel / hospitality,events@34bp.org,Send Version C,Direct events email,,,"Preferred Entertainment Vendor Inquiry - Joshua Quddus Quartet"
55,Wave Hill,2,D,Cultural institution,carolynl@wavehill.org OR abigail.parsons@wavehill.org,Pick 1 email then send Version D,Named corporate/private-event contacts,Carolyn Liv; Abigail Parsons,718-549-3200 x209,"Joshua Quddus Quartet - Contemporary Jazz in Conversation with Carnatic Music"
56,Center415,2,C,Venue / hotel / hospitality,No public email,Use official route then Version C,Official contact form,,646-398-9100,"Preferred Entertainment Vendor Inquiry - Joshua Quddus Quartet"
57,Chelsea Industrial,2,C,Venue / hotel / hospitality,No public email,Use official route then Version C,Current operator booking form,,,"Preferred Entertainment Vendor Inquiry - Joshua Quddus Quartet"
58,Gotham Hall,2,C,Venue / hotel / hospitality,No public email,Use official route then Version C,Official contact form,,,"Preferred Entertainment Vendor Inquiry - Joshua Quddus Quartet"
59,Guastavino's,2,C,Venue / hotel / hospitality,No public email,Use official route then Version C,Main phone; official form may be unreliable,,212-980-2711,"Preferred Entertainment Vendor Inquiry - Joshua Quddus Quartet"
60,The Times Center,2,C,Venue / hotel / hospitality,No public email,Use official route then Version C,Venue phone/contact plus hospitality partner,,212-556-4288,"Preferred Entertainment Vendor Inquiry - Joshua Quddus Quartet"
61,Weylin,2,C,Venue / hotel / hospitality,No public email,Use official route then Version C,Official form and main phone,,718-963-3639,"Preferred Entertainment Vendor Inquiry - Joshua Quddus Quartet"
62,LDJ Productions,2,B,Planner / experiential,info@ldjproductions.com,Confirm buyer then send Version B,General email and connect form,,212-371-4200,"NYC Live Jazz Partner for Receptions, Galas & Brand Experiences"
63,Queens Botanical Garden,2,D,Cultural institution,No public email,Use official route then Version D,Dedicated event-vendor application,,718-886-3800,"Joshua Quddus Quartet - Contemporary Jazz in Conversation with Carnatic Music"
64,Snug Harbor Cultural Center & Botanical Garden,2,D,Cultural institution,alombardi@snug-harbor.org,Send Version D,Named direct rentals contact,Adrianna Lombardi,718-425-3572,"Joshua Quddus Quartet - Contemporary Jazz in Conversation with Carnatic Music"
65,New York Marriott Marquis,2,C,Venue / hotel / hospitality,No public email,Use official route then Version C,Event page; call convention services,,,"Preferred Entertainment Vendor Inquiry - Joshua Quddus Quartet"
66,"The Pierre, A Taj Hotel",2,C,Venue / hotel / hospitality,thepierre.ny@tajhotels.com,Confirm buyer then send Version C,Main hotel email and phone,,212-838-8000,"Preferred Entertainment Vendor Inquiry - Joshua Quddus Quartet"
67,The Liberty Warehouse,2,C,Venue / hotel / hospitality,No public email,Use official route then Version C,Named contact and official form,Danielle Lesh,347-987-3121,"Preferred Entertainment Vendor Inquiry - Joshua Quddus Quartet"
68,David Stark Design and Production,2,B,Planner / experiential,info@davidstarkdesign.com,Confirm buyer then send Version B,Direct general email,,,"NYC Live Jazz Partner for Receptions, Galas & Brand Experiences"
69,EMRG Media,2,B,Planner / experiential,info@emrgmedia.com,Confirm buyer then send Version B,Direct email and phone,,212-254-3700,"NYC Live Jazz Partner for Receptions, Galas & Brand Experiences"
70,Twenty Three Layers,2,B,Planner / experiential,hello@23layers.com,Confirm buyer then send Version B,Direct general email and phone,,646-837-5902,"NYC Live Jazz Partner for Receptions, Galas & Brand Experiences"
71,National Arts Club,2,D,Cultural institution,No public email,Use official route then Version D,Vendor inquiry option on contact page,,212-475-3424,"Joshua Quddus Quartet - Contemporary Jazz in Conversation with Carnatic Music"
72,The Museum of Modern Art (MoMA),2,D,Cultural institution,No public email,Use official route then Version D,Corporate entertaining inquiry,,,"Joshua Quddus Quartet - Contemporary Jazz in Conversation with Carnatic Music"
73,The Shed,2,D,Cultural institution,No public email,Use official route then Version D,Official rentals inquiry plus USE relationship,,,"Joshua Quddus Quartet - Contemporary Jazz in Conversation with Carnatic Music"
74,PartySlate Pro,2,A,Agency roster,No public email,Use official route then Version A,Vendor registration / profile claim,,,"Artist Submission: Joshua Quddus Quartet - NYC Jazz for Corporate & Private Events"
75,The Peninsula New York,2,C,Venue / hotel / hospitality,No public email,Use official route then Version C,Events phone and inquiry form; confirm vendor process,,212-903-3861,"Preferred Entertainment Vendor Inquiry - Joshua Quddus Quartet"
76,Blue Note New York - Private Events,2,C,Venue / hotel / hospitality,No public email,Use official route then Version C,Private-event inquiry and main phone,,212-475-8592,"Preferred Entertainment Vendor Inquiry - Joshua Quddus Quartet"
77,Overlook at Bryant Park,2,C,Venue / hotel / hospitality,No public email,Use official route then Version C,Venue-hospitality operator relationship,,,"Preferred Entertainment Vendor Inquiry - Joshua Quddus Quartet"
78,Eventique,2,B,Planner / experiential,No public email,Use official route then Version B,Main line to supplier contact; client RFP is not a vendor form,,212-616-1655,"NYC Live Jazz Partner for Receptions, Galas & Brand Experiences"
79,Jove Meyer Events,2,B,Planner / experiential,hello@jovemeyerevents.com,Confirm buyer then send Version B,Direct email and contact form,,949-412-4850,"NYC Live Jazz Partner for Receptions, Galas & Brand Experiences"
80,Asia Society and Museum,2,D,Cultural institution,celebratefood@greatperformances.com,Confirm buyer then send Version D,Venue hospitality partner plus separate programming outreach,,212-727-2424,"Joshua Quddus Quartet - Contemporary Jazz in Conversation with Carnatic Music"
81,Brooklyn Botanic Garden,2,D,Cultural institution,No public email,Use official route then Version D,Official private/corporate-events inquiry,,,"Joshua Quddus Quartet - Contemporary Jazz in Conversation with Carnatic Music"
82,Brooklyn Museum,2,D,Cultural institution,No public email,Use official route then Version D,Official rentals inquiry,,,"Joshua Quddus Quartet - Contemporary Jazz in Conversation with Carnatic Music"
83,Museum of the City of New York,2,D,Cultural institution,No public email,Use official route then Version D,Direct venue-rentals phone,,917-492-3327,"Joshua Quddus Quartet - Contemporary Jazz in Conversation with Carnatic Music"
84,Museum of the Moving Image,2,D,Cultural institution,No public email,Use official route then Version D,Direct private-events phone,,718-777-6868,"Joshua Quddus Quartet - Contemporary Jazz in Conversation with Carnatic Music"
85,New York Botanical Garden,2,D,Cultural institution,No public email,Use official route then Version D,Official private-events inquiry,,,"Joshua Quddus Quartet - Contemporary Jazz in Conversation with Carnatic Music"
86,1 Hotel Brooklyn Bridge,2,C,Venue / hotel / hospitality,No public email,Use official route then Version C,Meetings inquiry and main phone,,347-696-2500,"Preferred Entertainment Vendor Inquiry - Joshua Quddus Quartet"
87,Ace Hotel Brooklyn,2,C,Venue / hotel / hospitality,No public email,Use official route then Version C,Official hotel contact page,,,"Preferred Entertainment Vendor Inquiry - Joshua Quddus Quartet"
88,Manhattan Center,3,C,Venue / hotel / hospitality,sales@mc34.com,Confirm buyer then send Version C,Official venue contact,,646-293-1080,"Preferred Entertainment Vendor Inquiry - Joshua Quddus Quartet"
89,Sequence Events,3,B,Planner / experiential,info@sequence-events.com,Confirm buyer then send Version B,General email and main line,,646-336-6800,"NYC Live Jazz Partner for Receptions, Galas & Brand Experiences"
90,Sparks - New York,3,B,Planner / experiential,No public email,Use official route then Version B,Main contact; confirm supplier route,,,"NYC Live Jazz Partner for Receptions, Galas & Brand Experiences"
91,Giant Spoon,3,B,Planner / experiential,hello@giantspoon.com,Confirm buyer then send Version B,General email,,888-776-6650,"NYC Live Jazz Partner for Receptions, Galas & Brand Experiences"
92,INVNT,3,B,Planner / experiential,No public email,Use official route then Version B,Official contact form and main phone,,212-334-3415,"NYC Live Jazz Partner for Receptions, Galas & Brand Experiences"
93,MKG,3,B,Planner / experiential,No public email,Use official route then Version B,Official connect form,,,"NYC Live Jazz Partner for Receptions, Galas & Brand Experiences"
94,New York Public Library for the Performing Arts,3,D,Cultural institution,lparentals@nypl.org,Confirm buyer then send Version D,Direct rentals email and phone,,212-870-1698,"Joshua Quddus Quartet - Contemporary Jazz in Conversation with Carnatic Music"
95,Queens Museum,3,D,Cultural institution,No public email,Use official route then Version D,Official space-rental form,,,"Joshua Quddus Quartet - Contemporary Jazz in Conversation with Carnatic Music"
96,Four Seasons Hotel New York Downtown,3,C,Venue / hotel / hospitality,No public email,Use official route then Version C,Hotel contact and meetings page,,646-880-1999,"Preferred Entertainment Vendor Inquiry - Joshua Quddus Quartet"
97,Park Hyatt New York,3,C,Venue / hotel / hospitality,No public email,Use official route then Version C,Meetings page and hotel phone,,,"Preferred Entertainment Vendor Inquiry - Joshua Quddus Quartet"
98,"The Carlyle, A Rosewood Hotel",3,C,Venue / hotel / hospitality,thecarlyle@rosewoodhotels.com,Confirm buyer then send Version C,General email and phone,,212-744-1600,"Preferred Entertainment Vendor Inquiry - Joshua Quddus Quartet"
99,"The Ritz-Carlton New York, NoMad",3,C,Venue / hotel / hospitality,No public email,Use official route then Version C,Event inquiry and main phone,,212-404-8400,"Preferred Entertainment Vendor Inquiry - Joshua Quddus Quartet"
100,The St. Regis New York,3,C,Venue / hotel / hospitality,No public email,Use official route then Version C,Event page and hotel main line,,,"Preferred Entertainment Vendor Inquiry - Joshua Quddus Quartet"
101,B Floral Event Design & Production,3,B,Planner / experiential,No public email,Use official route then Version B,Official contact form,,,"NYC Live Jazz Partner for Receptions, Galas & Brand Experiences"
102,Fête NY,3,B,Planner / experiential,hello@feteny.com,Confirm buyer then send Version B,Direct email and contact form,,,"NYC Live Jazz Partner for Receptions, Galas & Brand Experiences"
103,American Museum of Natural History,3,D,Cultural institution,No public email,Use official route then Version D,Special-events phone and official inquiry,,212-769-5350,"Joshua Quddus Quartet - Contemporary Jazz in Conversation with Carnatic Music"
104,Jazz at Lincoln Center,3,D,Cultural institution,booking@jazz.org,Confirm buyer then send Version D,Direct booking email,,212-258-9535,"Joshua Quddus Quartet - Contemporary Jazz in Conversation with Carnatic Music"
105,Daughter of Design,3,B,Planner / experiential,info@daughterofdesign.com,Confirm buyer then send Version B,Direct email and phone,,646-595-9009,"NYC Live Jazz Partner for Receptions, Galas & Brand Experiences"
106,Solomon R. Guggenheim Museum,3,D,Cultural institution,No public email,Use official route then Version D,Official host-an-event inquiry,,,"Joshua Quddus Quartet - Contemporary Jazz in Conversation with Carnatic Music"
107,TSE Entertainment,3,A,Agency roster,No public email,Use official route then Version A,Formal artist representation application,,,"Artist Submission: Joshua Quddus Quartet - NYC Jazz for Corporate & Private Events"
108,New-York Historical Society,3,D,Cultural institution,No public email,Use official route then Version D,Official event inquiry,,,"Joshua Quddus Quartet - Contemporary Jazz in Conversation with Carnatic Music"
109,The Apollo,3,D,Cultural institution,No public email,Use official route then Version D,Official venue-rental page,,,"Joshua Quddus Quartet - Contemporary Jazz in Conversation with Carnatic Music"
110,Carnegie Hall Event Spaces,3,D,Cultural institution,No public email,Use official route then Version D,Official event-space request form; call to qualify vendor route,,,"Joshua Quddus Quartet - Contemporary Jazz in Conversation with Carnatic Music"
111,Baccarat Hotel New York,3,C,Venue / hotel / hospitality,No public email,Use official route then Version C,Private-event information request; call first,,,"Preferred Entertainment Vendor Inquiry - Joshua Quddus Quartet"
